diagonal_blocks/0/block/0,diagonal_blocks/0/block/1,diagonal_blocks/0/block/2,diagonal_blocks/0/block/3,diagonal_blocks/0/block/4,diagonal_blocks/0/block/5,diagonal_blocks/0/block/6,diagonal_blocks/0/block/7,diagonal_blocks/0/block/8,diagonal_blocks/0/block/9,diagonal_blocks/0/block/10,diagonal_blocks/0/block/11,diagonal_blocks/0/block/12,diagonal_blocks/0/block/13,diagonal_blocks/0/block/14,diagonal_blocks/0/block/15,diagonal_blocks/0/block/16,diagonal_blocks/0/block/17,diagonal_blocks/0/block/18,diagonal_blocks/0/block/19,diagonal_blocks/0/block/20,diagonal_blocks/0/block_idx,linear_iterations,newton_iteration,newton_residual/angular,newton_residual/linear,preconditioner,rhs/0,rhs/1,rhs/2,rhs/3,rhs/4,rhs/5,solution/0,solution/1,solution/2,solution/3,solution/4,solution/5,stage,status,system_size,relative_residuals/0,relative_residuals/1,relative_residuals/2,relative_residuals/3,relative_residuals/4
5.725676,0,5.725676,0,0,5.725676,0,0,0,9.546539,0,0,0,-0.3499209,1.476615,0,0,0,-0.2335935,0.4414711,9.656097,0,0,0,0.000005155235,0.000001502075,100,0.000001702167,0.000008138021,-0.000002200457,-0.0000381858,3.322236e-8,-0.00002951137,0,0,0,0,0,0,velocity,Incomplete,6,,,,,
5.725676,0,5.725676,0,0,5.725676,0,0,0,9.546539,0,0,0,-0.3499209,1.476615,0,0,0,-0.2335935,0.4414711,9.656097,0,0,0,0,0,100,0,0,0,0,0,0,0,0,0,0,0,0,position,Incomplete,6,,,,,
5.725676,0,5.725676,0,0,5.725676,0,0,0,9.546539,0,0,0,-0.3499213,1.476615,0,0,0,-0.2335935,0.4414717,9.656097,0,4,0,0.00001239038,0.000001502075,100,0.000001702167,0.000008138021,-0.000002200457,-0.00009177809,8.08177e-8,-0.00007092897,2.972866e-7,0.00000142132,-3.84314e-7,-0.000009799308,-4.669172e-10,-0.000007582548,velocity,Success,6,1,0.02869677,0.0004976154,0.00006791763,1.369686e-8
5.725676,0,5.725676,0,0,5.725676,0,0,0,9.546539,0,0,0,-0.3499213,1.476615,0,0,0,-0.2335935,0.4414717,9.656097,0,0,1,1.442002e-12,2.343714e-13,100,3.25467e-13,1.301868e-12,0,-1.295496e-11,4.344089e-13,-4.025232e-12,0,0,0,0,0,0,velocity,Incomplete,6,,,,,
5.725676,0,5.725676,0,0,5.725676,0,0,0,9.546539,0,0,0,-0.3499213,1.476615,0,0,0,-0.2335935,0.4414717,9.656097,0,0,0,0,0,100,0,0,0,0,0,0,0,0,0,0,0,0,position,Incomplete,6,,,,,
5.725676,0,5.725676,0,0,5.725676,0,0,0,9.546539,0,0,0,-0.3499207,1.476615,0,0,0,-0.2335935,0.4414709,9.656097,0,0,0,5.899133e-9,0.000001157338,100,-0.000001578875,-0.000006103516,0.000002040901,4.35252e-8,4.20827e-10,3.38616e-8,0,0,0,0,0,0,velocity,Incomplete,6,,,,,
5.725676,0,5.725676,0,0,5.725676,0,0,0,9.546539,0,0,0,-0.3499207,1.476615,0,0,0,-0.2335935,0.4414709,9.656097,0,0,0,0,0,100,0,0,0,0,0,0,0,0,0,0,0,0,position,Incomplete,6,,,,,
5.725676,0,5.725676,0,0,5.725676,0,0,0,9.546539,0,0,0,-0.3499202,1.476615,0,0,0,-0.2335935,0.4414702,9.656097,0,0,0,5.899132e-9,0.000001157338,100,-0.000001578875,-0.000006103516,0.000002040901,4.35252e-8,4.208178e-10,3.38616e-8,0,0,0,0,0,0,velocity,Incomplete,6,,,,,
5.725676,0,5.725676,0,0,5.725676,0,0,0,9.546539,0,0,0,-0.3499202,1.476615,0,0,0,-0.2335935,0.4414702,9.656097,0,0,0,0,0,100,0,0,0,0,0,0,0,0,0,0,0,0,position,Incomplete,6,,,,,
5.725676,0,5.725676,0,0,5.725676,0,0,0,9.546539,0,0,0,-0.3499196,1.476614,0,0,0,-0.2335935,0.4414694,9.656097,0,4,0,0.00001171215,0.000001157338,100,-0.000001578875,-0.000006103516,0.000002040901,0.00008675433,-7.6584e-8,0.0000670464,-2.757535e-7,-0.000001065991,3.564472e-7,0.000009262909,3.11291e-10,0.000007167494,velocity,Success,6,1,0.02342396,0.0004977089,0.00006705896,1.185096e-8
5.725676,0,5.725676,0,0,5.725676,0,0,0,9.546539,0,0,0,-0.3499196,1.476614,0,0,0,-0.2335935,0.4414694,9.656097,0,0,1,6.588218e-13,1.271058e-13,100,0,6.50934e-13,-3.25467e-13,4.397442e-12,-1.4869e-13,-4.43417e-12,0,0,0,0,0,0,velocity,Incomplete,6,,,,,
5.725676,0,5.725676,0,0,5.725676,0,0,0,9.546539,0,0,0,-0.3499196,1.476614,0,0,0,-0.2335935,0.4414694,9.656097,0,0,0,0,0,100,0,0,0,0,0,0,0,0,0,0,0,0,position,Incomplete,6,,,,,
5.725676,0,5.725676,0,0,5.725676,0,0,0,9.546539,0,0,0,-0.34992,1.476615,0,0,0,-0.2335935,0.44147,9.656097,0,0,0,4.122723e-9,0.00000114802,100,0.000001493107,0.000006103516,-0.00000192991,-3.042642e-8,-2.79949e-10,-2.366212e-8,0,0,0,0,0,0,velocity,Incomplete,6,,,,,
5.725676,0,5.725676,0,0,5.725676,0,0,0,9.546539,0,0,0,-0.34992,1.476615,0,0,0,-0.2335935,0.44147,9.656097,0,0,0,0,0,100,0,0,0,0,0,0,0,0,0,0,0,0,position,Incomplete,6,,,,,
5.725676,0,5.725676,0,0,5.725676,0,0,0,9.546539,0,0,0,-0.3499204,1.476615,0,0,0,-0.2335935,0.4414705,9.656097,0,0,0,4.122723e-9,0.00000114802,100,0.000001493107,0.000006103516,-0.00000192991,-3.042642e-8,-2.799521e-10,-2.366212e-8,0,0,0,0,0,0,velocity,Incomplete,6,,,,,
5.725676,0,5.725676,0,0,5.725676,0,0,0,9.546539,0,0,0,-0.3499204,1.476615,0,0,0,-0.2335935,0.4414705,9.656097,0,0,0,0,0,100,0,0,0,0,0,0,0,0,0,0,0,0,position,Incomplete,6,,,,,
5.725676,0,5.725676,0,0,5.725676,0,0,0,9.546539,0,0,0,-0.3499208,1.476615,0,0,0,-0.2335935,0.441471,9.656097,0,0,0,0.000004517664,0.00000114802,100,0.000001493107,0.000006103516,-0.00000192991,-0.00003346323,2.940931e-8,-0.00002586151,0,0,0,0,0,0,velocity,Incomplete,6,,,,,
5.725676,0,5.725676,0,0,5.725676,0,0,0,9.546539,0,0,0,-0.3499208,1.476615,0,0,0,-0.2335935,0.441471,9.656097,0,0,0,0,0,100,0,0,0,0,0,0,0,0,0,0,0,0,position,Incomplete,6,,,,,
5.725676,0,5.725676,0,0,5.725676,0,0,0,9.546539,0,0,0,-0.3499212,1.476615,0,0,0,-0.2335935,0.4414715,9.656097,0,0,0,0.000006859967,0.00000114802,100,0.000001493107,0.000006103516,-0.00000192991,-0.00005081318,4.481637e-8,-0.00003927005,0,0,0,0,0,0,velocity,Incomplete,6,,,,,
5.725676,0,5.725676,0,0,5.725676,0,0,0,9.546539,0,0,0,-0.3499212,1.476615,0,0,0,-0.2335935,0.4414715,9.656097,0,0,0,0,0,100,0,0,0,0,0,0,0,0,0,0,0,0,position,Incomplete,6,,,,,
5.725676,0,5.725676,0,0,5.725676,0,0,0,9.546539,0,0,0,-0.3499216,1.476615,0,0,0,-0.2335935,0.4414721,9.656097,0,4,0,0.00001456786,0.00000114802,100,0.000001493107,0.000006103516,-0.00000192991,-0.0001079072,9.551695e-8,-0.00008339396,2.607739e-7,0.000001065991,-3.370624e-7,-0.00001152143,-2.086091e-10,-0.000008915113,velocity,Success,6,1,0.0187022,0.0004975174,0.00006608509,1.620088e-8
5.725676,0,5.725676,0,0,5.725676,0,0,0,9.546539,0,0,0,-0.3499216,1.476615,0,0,0,-0.2335935,0.4414721,9.656097,0,0,1,1.042154e-12,6.355288e-14,100,1.627335e-13,0,-3.25467e-13,8.496422e-12,2.195817e-13,4.27941e-12,0,0,0,0,0,0,velocity,Incomplete,6,,,,,
5.725676,0,5.725676,0,0,5.725676,0,0,0,9.546539,0,0,0,-0.3499216,1.476615,0,0,0,-0.2335935,0.4414721,9.656097,0,0,0,0,0,100,0,0,0,0,0,0,0,0,0,0,0,0,position,Incomplete,6,,,,,
5.725676,0,5.725676,0,0,5.725676,0,0,0,9.546539,0,0,0,-0.3499208,1.476615,0,0,0,-0.2335935,0.441471,9.656097,0,0,0,8.332725e-9,0.000001517877,100,-0.000001866557,-0.000008138021,0.000002412439,6.166495e-8,1.517433e-10,4.775539e-8,0,0,0,0,0,0,velocity,Incomplete,6,,,,,
5.725676,0,5.725676,0,0,5.725676,0,0,0,9.546539,0,0,0,-0.3499208,1.476615,0,0,0,-0.2335935,0.441471,9.656097,0,0,0,0,0,100,0,0,0,0,0,0,0,0,0,0,0,0,position,Incomplete,6,,,,,
5.725676,0,5.725676,0,0,5.725676,0,0,0,9.546539,0,0,0,-0.34992,1.476615,0,0,0,-0.2335935,0.4414699,9.656097,0,0,0,0.000006358712,0.000001517877,100,-0.000001866557,-0.000008138021,0.000002412439,0.0000471003,-4.161961e-8,0.00003640058,0,0,0,0,0,0,velocity,Incomplete,6,,,,,
5.725676,0,5.725676,0,0,5.725676,0,0,0,9.546539,0,0,0,-0.34992,1.476615,0,0,0,-0.2335935,0.4414699,9.656097,0,0,0,0,0,100,0,0,0,0,0,0,0,0,0,0,0,0,position,Incomplete,6,,,,,
5.725676,0,5.725676,0,0,5.725676,0,0,0,9.546539,0,0,0,-0.3499192,1.476614,0,0,0,-0.2335935,0.4414688,9.656097,0,4,0,0.00001756699,0.000001517877,100,-0.000001866557,-0.000008138021,0.000002412439,0.0001301224,-1.153467e-7,0.0001005625,-3.259977e-7,-0.000001421321,4.213369e-7,0.00001389338,1.398521e-10,0.00001075049,velocity,Success,6,1,0.02049695,0.000497489,0.00006554314,2.153381e-8
5.725676,0,5.725676,0,0,5.725676,0,0,0,9.546539,0,0,0,-0.3499192,1.476614,0,0,0,-0.2335935,0.4414688,9.656097,0,0,1,1.287368e-12,1.136868e-13,100,0,6.50934e-13,0,-8.489097e-12,-2.99622e-15,-8.54572e-12,0,0,0,0,0,0,velocity,Incomplete,6,,,,,
5.725676,0,5.725676,0,0,5.725676,0,0,0,9.546539,0,0,0,-0.3499192,1.476614,0,0,0,-0.2335935,0.4414688,9.656097,0,0,0,0,0,100,0,0,0,0,0,0,0,0,0,0,0,0,position,Incomplete,6,,,,,
5.725676,0,5.725676,0,0,5.725676,0,0,0,9.546539,0,0,0,-0.3499198,1.476614,0,0,0,-0.2335935,0.4414697,9.656097,0,0,0,6.68128e-9,0.000001559601,100,0.000002249576,0.000008138021,-0.000002907368,-4.945351e-8,-9.375634e-11,-3.828282e-8,0,0,0,0,0,0,velocity,Incomplete,6,,,,,
5.725676,0,5.725676,0,0,5.725676,0,0,0,9.546539,0,0,0,-0.3499198,1.476614,0,0,0,-0.2335935,0.4414697,9.656097,0,0,0,0,0,100,0,0,0,0,0,0,0,0,0,0,0,0,position,Incomplete,6,,,,,
5.725676,0,5.725676,0,0,5.725676,0,0,0,9.546539,0,0,0,-0.3499205,1.476615,0,0,0,-0.2335935,0.4414705,9.656097,0,0,0,6.68128e-9,0.000001559601,100,0.000002249576,0.000008138021,-0.000002907368,-4.94535e-8,-9.376511e-11,-3.828282e-8,0,0,0,0,0,0,velocity,Incomplete,6,,,,,
5.725676,0,5.725676,0,0,5.725676,0,0,0,9.546539,0,0,0,-0.3499205,1.476615,0,0,0,-0.2335935,0.4414705,9.656097,0,0,0,0,0,100,0,0,0,0,0,0,0,0,0,0,0,0,position,Incomplete,6,,,,,
5.725676,0,5.725676,0,0,5.725676,0,0,0,9.546539,0,0,0,-0.3499212,1.476615,0,0,0,-0.2335935,0.4414715,9.656097,0,4,0,0.00001208836,0.000001559601,100,0.000002249576,0.000008138021,-0.000002907368,-0.00008954107,7.937751e-8,-0.00006919998,3.928927e-7,0.000001421321,-5.077773e-7,-0.000009560445,-9.320411e-11,-0.00000739773,velocity,Success,6,1,0.03052396,0.0004970616,0.00006541027,3.487197e-9
5.725676,0,5.725676,0,0,5.725676,0,0,0,9.546539,0,0,0,-0.3499212,1.476615,0,0,0,-0.2335935,0.4414715,9.656097,0,0,1,7.072542e-13,1.171857e-13,100,1.627335e-13,-6.50934e-13,0,4.338023e-12,-3.929498e-13,4.154929e-12,0,0,0,0,0,0,velocity,Incomplete,6,,,,,
5.725676,0,5.725676,0,0,5.725676,0,0,0,9.546539,0,0,0,-0.3499212,1.476615,0,0,0,-0.2335935,0.4414715,9.656097,0,0,0,0,0,100,0,0,0,0,0,0,0,0,0,0,0,0,position,Incomplete,6,,,,,
5.725676,0,5.725676,0,0,5.725676,0,0,0,9.546539,0,0,0,-0.3499208,1.476615,0,0,0,-0.2335935,0.441471,9.656097,0,0,0,3.650242e-9,0.000001151842,100,-0.000001528914,-0.000006103516,0.000001975979,2.701272e-8,6.76218e-11,2.091994e-8,0,0,0,0,0,0,velocity,Incomplete,6,,,,,
5.725676,0,5.725676,0,0,5.725676,0,0,0,9.546539,0,0,0,-0.3499208,1.476615,0,0,0,-0.2335935,0.441471,9.656097,0,0,0,0,0,100,0,0,0,0,0,0,0,0,0,0,0,0,position,Incomplete,6,,,,,
5.725676,0,5.725676,0,0,5.725676,0,0,0,9.546539,0,0,0,-0.3499204,1.476615,0,0,0,-0.2335935,0.4414705,9.656097,0,0,0,3.650242e-9,0.000001151842,100,-0.000001528914,-0.000006103516,0.000001975979,2.701272e-8,6.761786e-11,2.091994e-8,0,0,0,0,0,0,velocity,Incomplete,6,,,,,
5.725676,0,5.725676,0,0,5.725676,0,0,0,9.546539,0,0,0,-0.3499204,1.476615,0,0,0,-0.2335935,0.4414705,9.656097,0,0,0,0,0,100,0,0,0,0,0,0,0,0,0,0,0,0,position,Incomplete,6,,,,,
5.725676,0,5.725676,0,0,5.725676,0,0,0,9.546539,0,0,0,-0.34992,1.476615,0,0,0,-0.2335935,0.44147,9.656097,0,0,0,3.650242e-9,0.000001151842,100,-0.000001528914,-0.000006103516,0.000001975979,2.701273e-8,6.761403e-11,2.091994e-8,0,0,0,0,0,0,velocity,Incomplete,6,,,,,
5.725676,0,5.725676,0,0,5.725676,0,0,0,9.546539,0,0,0,-0.34992,1.476615,0,0,0,-0.2335935,0.44147,9.656097,0,0,0,0,0,100,0,0,0,0,0,0,0,0,0,0,0,0,position,Incomplete,6,,,,,
5.725676,0,5.725676,0,0,5.725676,0,0,0,9.546539,0,0,0,-0.3499197,1.476614,0,0,0,-0.2335935,0.4414696,9.656097,0,0,0,0.000005714231,0.000001151842,100,-0.000001528914,-0.000006103516,0.000001975979,0.00004232652,-3.749585e-8,0.0000327112,0,0,0,0,0,0,velocity,Incomplete,6,,,,,
5.725676,0,5.725676,0,0,5.725676,0,0,0,9.546539,0,0,0,-0.3499197,1.476614,0,0,0,-0.2335935,0.4414696,9.656097,0,0,0,0,0,100,0,0,0,0,0,0,0,0,0,0,0,0,position,Incomplete,6,,,,,
5.725676,0,5.725676,0,0,5.725676,0,0,0,9.546539,0,0,0,-0.3499193,1.476614,0,0,0,-0.2335935,0.4414691,9.656097,0,4,0,0.00001233252,0.000001151842,100,-0.000001528914,-0.000006103516,0.000001975979,0.00009134965,-8.103098e-8,0.00007059766,-2.670278e-7,-0.000001065991,3.451084e-7,0.000009753549,6.233103e-11,0.000007547148,velocity,Success,6,1,0.02214704,0.0004974432,0.00006528831,9.717778e-9
5.725676,0,5.725676,0,0,5.725676,0,0,0,9.546539,0,0,0,-0.3499193,1.476614,0,0,0,-0.2335935,0.4414691,9.656097,0,0,1,2.262149e-13,2.842171e-14,100,0,0,1.627335e-13,7.915696e-14,-3.340321e-13,-9.986687e-14,0,0,0,0,0,0,velocity,Incomplete,6,,,,,
5.725676,0,5.725676,0,0,5.725676,0,0,0,9.546539,0,0,0,-0.3499193,1.476614,0,0,0,-0.2335935,0.4414691,9.656097,0,0,0,0,0,100,0,0,0,0,0,0,0,0,0,0,0,0,position,Incomplete,6,,,,,
5.725676,0,5.725676,0,0,5.725676,0,0,0,9.546539,0,0,0,-0.34992,1.476615,0,0,0,-0.2335935,0.44147,9.656097,0,0,0,6.889148e-9,0.000001156882,100,0.000001574961,0.000006103516,-0.000002035458,-5.10132e-8,-1.659428e-11,-3.945555e-8,0,0,0,0,0,0,velocity,Incomplete,6,,,,,
5.725676,0,5.725676,0,0,5.725676,0,0,0,9.546539,0,0,0,-0.34992,1.476615,0,0,0,-0.2335935,0.44147,9.656097,0,0,0,0,0,100,0,0,0,0,0,0,0,0,0,0,0,0,position,Incomplete,6,,,,,
5.725676,0,5.725676,0,0,5.725676,0,0,0,9.546539,0,0,0,-0.3499207,1.476615,0,0,0,-0.2335935,0.4414708,9.656097,0,0,0,0.000005196585,0.000001156882,100,0.000001574961,0.000006103516,-0.000002035458,-0.00003849221,3.412072e-8,-0.00002974792,0,0,0,0,0,0,velocity,Incomplete,6,,,,,
5.725676,0,5.725676,0,0,5.725676,0,0,0,9.546539,0,0,0,-0.3499207,1.476615,0,0,0,-0.2335935,0.4414708,9.656097,0,0,0,0,0,100,0,0,0,0,0,0,0,0,0,0,0,0,position,Incomplete,6,,,,,
5.725676,0,5.725676,0,0,5.725676,0,0,0,9.546539,0,0,0,-0.3499213,1.476615,0,0,0,-0.2335935,0.4414718,9.656097,0,4,0,0.00001442883,0.000001156882,100,0.000001574961,0.000006103516,-0.000002035458,-0.0001068775,9.485029e-8,-0.000082598,2.750698e-7,0.000001065991,-3.554965e-7,-0.00001141148,-4.110356e-11,-0.000008830029,velocity,Success,6,1,0.01902667,0.0004974096,0.00006513217,9.878749e-10
5.725676,0,5.725676,0,0,5.725676,0,0,0,9.546539,0,0,0,-0.3499213,1.476615,0,0,0,-0.2335935,0.4414718,9.656097,0,0,1,1.46898e-12,2.308991e-13,100,1.627335e-13,-1.301868e-12,1.627335e-13,-1.281262e-11,-1.662416e-13,-4.204811e-12,0,0,0,0,0,0,velocity,Incomplete,6,,,,,
5.725676,0,5.725676,0,0,5.725676,0,0,0,9.546539,0,0,0,-0.3499213,1.476615,0,0,0,-0.2335935,0.4414718,9.656097,0,0,0,0,0,100,0,0,0,0,0,0,0,0,0,0,0,0,position,Incomplete,6,,,,,
5.725676,0,5.725676,0,0,5.725676,0,0,0,9.546539,0,0,0,-0.3499209,1.476615,0,0,0,-0.2335935,0.441471,9.656097,0,0,0,5.441094e-9,0.00000118919,100,-0.00000184692,-0.000006103516,0.000002386903,4.029427e-8,3.472111e-12,3.115806e-8,0,0,0,0,0,0,velocity,Incomplete,6,,,,,
5.725676,0,5.725676,0,0,5.725676,0,0,0,9.546539,0,0,0,-0.3499209,1.476615,0,0,0,-0.2335935,0.441471,9.656097,0,0,0,0,0,100,0,0,0,0,0,0,0,0,0,0,0,0,position,Incomplete,6,,,,,
5.725676,0,5.725676,0,0,5.725676,0,0,0,9.546539,0,0,0,-0.3499203,1.476615,0,0,0,-0.2335935,0.4414704,9.656097,0,0,0,5.441094e-9,0.00000118919,100,-0.00000184692,-0.000006103516,0.000002386903,4.029427e-8,3.46434e-12,3.115806e-8,0,0,0,0,0,0,velocity,Incomplete,6,,,,,
5.725676,0,5.725676,0,0,5.725676,0,0,0,9.546539,0,0,0,-0.3499203,1.476615,0,0,0,-0.2335935,0.4414704,9.656097,0,0,0,0,0,100,0,0,0,0,0,0,0,0,0,0,0,0,position,Incomplete,6,,,,,
5.725676,0,5.725676,0,0,5.725676,0,0,0,9.546539,0,0,0,-0.3499197,1.476614,0,0,0,-0.2335935,0.4414696,9.656097,0,0,0,0.000006194198,0.00000118919,100,-0.00000184692,-0.000006103516,0.000002386903,0.00004588174,-4.070444e-8,0.00003545876,0,0,0,0,0,0,velocity,Incomplete,6,,,,,
5.725676,0,5.725676,0,0,5.725676,0,0,0,9.546539,0,0,0,-0.3499197,1.476614,0,0,0,-0.2335935,0.4414696,9.656097,0,0,0,0,0,100,0,0,0,0,0,0,0,0,0,0,0,0,position,Incomplete,6,,,,,
5.725676,0,5.725676,0,0,5.725676,0,0,0,9.546539,0,0,0,-0.3499192,1.476614,0,0,0,-0.2335935,0.4414689,9.656097,0,4,0,0.0000147049,0.00000118919,100,-0.00000184692,-0.000006103516,0.000002386903,0.0001089224,-9.668474e-8,0.0000841784,-3.22568e-7,-0.000001065991,4.168771e-7,0.00001162981,2.648948e-11,0.000008998981,velocity,Success,6,1,0.01919007,0.0004974262,0.00006504166,7.944611e-9
5.725676,0,5.725676,0,0,5.725676,0,0,0,9.546539,0,0,0,-0.3499192,1.476614,0,0,0,-0.2335935,0.4414689,9.656097,0,0,1,1.409488e-12,1.171857e-13,100,0,6.50934e-13,-1.627335e-13,1.289983e-11,4.57284e-14,-1.62284e-13,0,0,0,0,0,0,velocity,Incomplete,6,,,,,
5.725676,0,5.725676,0,0,5.725676,0,0,0,9.546539,0,0,0,-0.3499192,1.476614,0,0,0,-0.2335935,0.4414689,9.656097,0,0,0,0,0,100,0,0,0,0,0,0,0,0,0,0,0,0,position,Incomplete,6,,,,,
5.725676,0,5.725676,0,0,5.725676,0,0,0,9.546539,0,0,0,-0.3499199,1.476615,0,0,0,-0.2335935,0.4414698,9.656097,0,0,0,7.125356e-9,0.000001193081,100,0.000001877483,0.000006103516,-0.000002426386,-5.277219e-8,2.088796e-11,-4.079751e-8,0,0,0,0,0,0,velocity,Incomplete,6,,,,,
5.725676,0,5.725676,0,0,5.725676,0,0,0,9.546539,0,0,0,-0.3499199,1.476615,0,0,0,-0.2335935,0.4414698,9.656097,0,0,0,0,0,100,0,0,0,0,0,0,0,0,0,0,0,0,position,Incomplete,6,,,,,
5.725676,0,5.725676,0,0,5.725676,0,0,0,9.546539,0,0,0,-0.3499206,1.476615,0,0,0,-0.2335935,0.4414707,9.656097,0,0,0,0.000004956501,0.000001193081,100,0.000001877483,0.000006103516,-0.000002426386,-0.00003671383,3.257435e-8,-0.00002837358,0,0,0,0,0,0,velocity,Incomplete,6,,,,,
5.725676,0,5.725676,0,0,5.725676,0,0,0,9.546539,0,0,0,-0.3499206,1.476615,0,0,0,-0.2335935,0.4414707,9.656097,0,0,0,0,0,100,0,0,0,0,0,0,0,0,0,0,0,0,position,Incomplete,6,,,,,
5.725676,0,5.725676,0,0,5.725676,0,0,0,9.546539,0,0,0,-0.3499213,1.476615,0,0,0,-0.2335935,0.4414717,9.656097,0,4,0,0.00001426105,0.000001193081,100,0.000001877483,0.000006103516,-0.000002426386,-0.0001056346,9.377572e-8,-0.00008163758,3.27906e-7,0.000001065991,-4.237728e-7,-0.00001127877,-1.741673e-11,-0.000008727358,velocity,Success,6,1,0.0198489,0.0004973276,0.00006498685,1.591777e-8
5.725676,0,5.725676,0,0,5.725676,0,0,0,9.546539,0,0,0,-0.3499213,1.476615,0,0,0,-0.2335935,0.4414717,9.656097,0,0,1,1.17166e-12,2.842171e-14,100,0,0,-1.627335e-13,8.585072e-12,3.404924e-13,-4.346567e-12,0,0,0,0,0,0,velocity,Incomplete,6,,,,,
5.725676,0,5.725676,0,0,5.725676,0,0,0,9.546539,0,0,0,-0.3499213,1.476615,0,0,0,-0.2335935,0.4414717,9.656097,0,0,0,0,0,100,0,0,0,0,0,0,0,0,0,0,0,0,position,Incomplete,6,,,,,
5.725676,0,5.725676,0,0,5.725676,0,0,0,9.546539,0,0,0,-0.3499209,1.476615,0,0,0,-0.2335935,0.441471,9.656097,0,0,0,5.061744e-9,0.000001185692,100,-0.000001819111,-0.000006103516,0.000002350938,3.748852e-8,-1.629308e-11,2.898202e-8,0,0,0,0,0,0,velocity,Incomplete,6,,,,,
5.725676,0,5.725676,0,0,5.725676,0,0,0,9.546539,0,0,0,-0.3499209,1.476615,0,0,0,-0.2335935,0.441471,9.656097,0,0,0,0,0,100,0,0,0,0,0,0,0,0,0,0,0,0,position,Incomplete,6,,,,,
5.725676,0,5.725676,0,0,5.725676,0,0,0,9.546539,0,0,0,-0.3499203,1.476615,0,0,0,-0.2335935,0.4414704,9.656097,0,0,0,5.061744e-9,0.000001185692,100,-0.000001819111,-0.000006103516,0.000002350938,3.748852e-8,-1.629996e-11,2.898202e-8,0,0,0,0,0,0,velocity,Incomplete,6,,,,,
5.725676,0,5.725676,0,0,5.725676,0,0,0,9.546539,0,0,0,-0.3499203,1.476615,0,0,0,-0.2335935,0.4414704,9.656097,0,0,0,0,0,100,0,0,0,0,0,0,0,0,0,0,0,0,position,Incomplete,6,,,,,
5.725676,0,5.725676,0,0,5.725676,0,0,0,9.546539,0,0,0,-0.3499198,1.476614,0,0,0,-0.2335935,0.4414697,9.656097,0,0,0,0.000005582739,0.000001185692,100,-0.000001819111,-0.000006103516,0.000002350938,0.00004135252,-3.670243e-8,0.00003195849,0,0,0,0,0,0,velocity,Incomplete,6,,,,,
5.725676,0,5.725676,0,0,5.725676,0,0,0,9.546539,0,0,0,-0.3499198,1.476614,0,0,0,-0.2335935,0.4414697,9.656097,0,0,0,0,0,100,0,0,0,0,0,0,0,0,0,0,0,0,position,Incomplete,6,,,,,
5.725676,0,5.725676,0,0,5.725676,0,0,0,9.546539,0,0,0,-0.3499193,1.476614,0,0,0,-0.2335935,0.4414691,9.656097,0,4,0,0.00001339536,0.000001185692,100,-0.000001819111,-0.000006103516,0.000002350938,0.0000992222,-8.80882e-8,0.00007668196,-3.177111e-7,-0.000001065991,4.105957e-7,0.00001059411,1.171818e-11,0.000008197584,velocity,Success,6,1,0.02099495,0.0004973344,0.00006494656,5.604813e-9
5.725676,0,5.725676,0,0,5.725676,0,0,0,9.546539,0,0,0,-0.3499193,1.476614,0,0,0,-0.2335935,0.4414691,9.656097,0,0,1,5.699801e-13,2.842171e-14,100,-1.627335e-13,0,0,-4.22102e-12,-3.482855e-13,-4.547643e-14,0,0,0,0,0,0,velocity,Incomplete,6,,,,,
5.725676,0,5.725676,0,0,5.725676,0,0,0,9.546539,0,0,0,-0.3499193,1.476614,0,0,0,-0.2335935,0.4414691,9.656097,0,0,0,0,0,100,0,0,0,0,0,0,0,0,0,0,0,0,position,Incomplete,6,,,,,
5.725676,0,5.725676,0,0,5.725676,0,0,0,9.546539,0,0,0,-0.3499199,1.476615,0,0,0,-0.2335935,0.4414699,9.656097,0,0,0,6.385291e-9,0.000001172105,100,0.000001707589,0.000006103516,-0.000002206806,-4.72941e-8,3.002254e-11,-3.655652e-8,0,0,0,0,0,0,velocity,Incomplete,6,,,,,
5.725676,0,5.725676,0,0,5.725676,0,0,0,9.546539,0,0,0,-0.3499199,1.476615,0,0,0,-0.2335935,0.4414699,9.656097,0,0,0,0,0,100,0,0,0,0,0,0,0,0,0,0,0,0,position,Incomplete,6,,,,,
5.725676,0,5.725676,0,0,5.725676,0,0,0,9.546539,0,0,0,-0.3499206,1.476615,0,0,0,-0.2335935,0.4414707,9.656097,0,0,0,0.000004395318,0.000001172105,100,0.000001707589,0.000006103516,-0.000002206806,-0.00003255703,2.889703e-8,-0.00002516108,0,0,0,0,0,0,velocity,Incomplete,6,,,,,
5.725676,0,5.725676,0,0,5.725676,0,0,0,9.546539,0,0,0,-0.3499206,1.476615,0,0,0,-0.2335935,0.4414707,9.656097,0,0,0,0,0,100,0,0,0,0,0,0,0,0,0,0,0,0,position,Incomplete,6,,,,,
5.725676,0,5.725676,0,0,5.725676,0,0,0,9.546539,0,0,0,-0.3499213,1.476615,0,0,0,-0.2335935,0.4414715,9.656097,0,4,0,0.00001270664,0.000001172105,100,0.000001707589,0.000006103516,-0.000002206806,-0.00009412073,8.356278e-8,-0.00007273938,2.982336e-7,0.000001065991,-3.854229e-7,-0.00001004942,-8.676615e-12,-0.000007776107,velocity,Success,6,1,0.02187457,0.0004973073,0.00006492271,5.677996e-9
5.725676,0,5.725676,0,0,5.725676,0,0,0,9.546539,0,0,0,-0.3499213,1.476615,0,0,0,-0.2335935,0.4414715,9.656097,0,0,1,6.439185e-13,1.171857e-13,100,0,-6.50934e-13,1.627335e-13,4.436201e-12,-3.122472e-13,-4.483068e-12,0,0,0,0,0,0,velocity,Incomplete,6,,,,,
5.725676,0,5.725676,0,0,5.725676,0,0,0,9.546539,0,0,0,-0.3499213,1.476615,0,0,0,-0.2335935,0.4414715,9.656097,0,0,0,0,0,100,0,0,0,0,0,0,0,0,0,0,0,0,position,Incomplete,6,,,,,
5.725676,0,5.725676,0,0,5.725676,0,0,0,9.546539,0,0,0,-0.3499208,1.476615,0,0,0,-0.2335935,0.441471,9.656097,0,0,0,4.473267e-9,0.000001161951,100,-0.000001620151,-0.000006103516,0.000002093803,3.313338e-8,-2.014844e-11,2.56085e-8,0,0,0,0,0,0,velocity,Incomplete,6,,,,,
5.725676,0,5.725676,0,0,5.725676,0,0,0,9.546539,0,0,0,-0.3499208,1.476615,0,0,0,-0.2335935,0.441471,9.656097,0,0,0,0,0,100,0,0,0,0,0,0,0,0,0,0,0,0,position,Incomplete,6,,,,,
5.725676,0,5.725676,0,0,5.725676,0,0,0,9.546539,0,0,0,-0.3499204,1.476615,0,0,0,-0.2335935,0.4414704,9.656097,0,0,0,4.473267e-9,0.000001161951,100,-0.000001620151,-0.000006103516,0.000002093803,3.313338e-8,-2.015399e-11,2.56085e-8,0,0,0,0,0,0,velocity,Incomplete,6,,,,,
5.725676,0,5.725676,0,0,5.725676,0,0,0,9.546539,0,0,0,-0.3499204,1.476615,0,0,0,-0.2335935,0.4414704,9.656097,0,0,0,0,0,100,0,0,0,0,0,0,0,0,0,0,0,0,position,Incomplete,6,,,,,
5.725676,0,5.725676,0,0,5.725676,0,0,0,9.546539,0,0,0,-0.3499199,1.476615,0,0,0,-0.2335935,0.4414698,9.656097,0,0,0,0.000004911364,0.000001161951,100,-0.000001620151,-0.000006103516,0.000002093803,0.00003637951,-3.229502e-8,0.00002811517,0,0,0,0,0,0,velocity,Incomplete,6,,,,,
5.725676,0,5.725676,0,0,5.725676,0,0,0,9.546539,0,0,0,-0.3499199,1.476615,0,0,0,-0.2335935,0.4414698,9.656097,0,0,0,0,0,100,0,0,0,0,0,0,0,0,0,0,0,0,position,Incomplete,6,,,,,
5.725676,0,5.725676,0,0,5.725676,0,0,0,9.546539,0,0,0,-0.3499195,1.476614,0,0,0,-0.2335935,0.4414692,9.656097,0,4,0,0.0000118026,0.000001161951,100,-0.000001620151,-0.000006103516,0.000002093803,0.00008742435,-7.762219e-8,0.00006756416,-2.829624e-7,-0.000001065991,3.656867e-7,0.000009334435,6.042722e-12,0.000007222858,velocity,Success,6,1,0.02333761,0.0004973789,0.00006489491,3.325698e-9
5.725676,0,5.725676,0,0,5.725676,0,0,0,9.546539,0,0,0,-0.3499195,1.476614,0,0,0,-0.2335935,0.4414692,9.656097,0,0,1,1.068129e-12,0,100,0,0,0,8.674331e-12,-3.616398e-14,-4.459179e-12,0,0,0,0,0,0,velocity,Incomplete,6,,,,,
5.725676,0,5.725676,0,0,5.725676,0,0,0,9.546539,0,0,0,-0.3499195,1.476614,0,0,0,-0.2335935,0.4414692,9.656097,0,0,0,0,0,100,0,0,0,0,0,0,0,0,0,0,0,0,position,Incomplete,6,,,,,
5.725676,0,5.725676,0,0,5.725676,0,0,0,9.546539,0,0,0,-0.34992,1.476615,0,0,0,-0.2335935,0.44147,9.656097,0,0,0,5.612852e-9,0.000001149185,100,0.000001504209,0.000006103516,-0.000001943965,-4.157578e-8,3.154565e-11,-3.213053e-8,0,0,0,0,0,0,velocity,Incomplete,6,,,,,
5.725676,0,5.725676,0,0,5.725676,0,0,0,9.546539,0,0,0,-0.34992,1.476615,0,0,0,-0.2335935,0.44147,9.656097,0,0,0,0,0,100,0,0,0,0,0,0,0,0,0,0,0,0,position,Incomplete,6,,,,,
5.725676,0,5.725676,0,0,5.725676,0,0,0,9.546539,0,0,0,-0.3499206,1.476615,0,0,0,-0.2335935,0.4414707,9.656097,0,0,0,5.612852e-9,0.000001149185,100,0.000001504209,0.000006103516,-0.000001943965,-4.157578e-8,3.153955e-11,-3.213053e-8,0,0,0,0,0,0,velocity,Incomplete,6,,,,,
5.725676,0,5.725676,0,0,5.725676,0,0,0,9.546539,0,0,0,-0.3499206,1.476615,0,0,0,-0.2335935,0.4414707,9.656097,0,0,0,0,0,100,0,0,0,0,0,0,0,0,0,0,0,0,position,Incomplete,6,,,,,
5.725676,0,5.725676,0,0,5.725676,0,0,0,9.546539,0,0,0,-0.3499211,1.476615,0,0,0,-0.2335935,0.4414714,9.656097,0,0,0,0.000007050365,0.000001149185,100,0.000001504209,0.000006103516,-0.000001943965,-0.00005222354,4.636763e-8,-0.00004035992,0,0,0,0,0,0,velocity,Incomplete,6,,,,,
5.725676,0,5.725676,0,0,5.725676,0,0,0,9.546539,0,0,0,-0.3499211,1.476615,0,0,0,-0.2335935,0.4414714,9.656097,0,0,0,0,0,100,0,0,0,0,0,0,0,0,0,0,0,0,position,Incomplete,6,,,,,
5.725676,0,5.725676,0,0,5.725676,0,0,0,9.546539,0,0,0,-0.3499217,1.476615,0,0,0,-0.2335935,0.4414721,9.656097,0,4,0,0.0000162151,0.000001149185,100,0.000001504209,0.000006103516,-0.000001943965,-0.0001201086,1.066487e-7,-0.00009282357,2.627129e-7,0.000001065991,-3.395171e-7,-0.00001282419,-3.58602e-12,-0.000009923182,velocity,Success,6,1,0.01682715,0.0004972344,0.00006492719,1.090025e-8
5.725676,0,5.725676,0,0,5.725676,0,0,0,9.546539,0,0,0,-0.3499217,1.476615,0,0,0,-0.2335935,0.4414721,9.656097,0,0,1,4.867192e-13,1.136868e-13,100,0,-6.50934e-13,0,4.551638e-14,5.542685e-14,-4.314491e-12,0,0,0,0,0,0,velocity,Incomplete,6,,,,,
5.725676,0,5.725676,0,0,5.725676,0,0,0,9.546539,0,0,0,-0.3499217,1.476615,0,0,0,-0.2335935,0.4414721,9.656097,0,0,0,0,0,100,0,0,0,0,0,0,0,0,0,0,0,0,position,Incomplete,6,,,,,
5.725676,0,5.725676,0,0,5.725676,0,0,0,9.546539,0,0,0,-0.3499209,1.476615,0,0,0,-0.2335935,0.4414711,9.656097,0,0,0,8.243685e-9,0.000001540395,100,-0.000002080842,-0.000008138021,0.000002689173,6.106145e-8,-5.089729e-11,4.719271e-8,0,0,0,0,0,0,velocity,Incomplete,6,,,,,
5.725676,0,5.725676,0,0,5.725676,0,0,0,9.546539,0,0,0,-0.3499209,1.476615,0,0,0,-0.2335935,0.4414711,9.656097,0,0,0,0,0,100,0,0,0,0,0,0,0,0,0,0,0,0,position,Incomplete,6,,,,,
5.725676,0,5.725676,0,0,5.725676,0,0,0,9.546539,0,0,0,-0.34992,1.476615,0,0,0,-0.2335935,0.44147,9.656097,0,0,0,0.000005906006,0.000001540395,100,-0.000002080842,-0.000008138021,0.000002689173,0.00004374703,-3.884304e-8,0.00003380902,0,0,0,0,0,0,velocity,Incomplete,6,,,,,
5.725676,0,5.725676,0,0,5.725676,0,0,0,9.546539,0,0,0,-0.34992,1.476615,0,0,0,-0.2335935,0.44147,9.656097,0,0,0,0,0,100,0,0,0,0,0,0,0,0,0,0,0,0,position,Incomplete,6,,,,,
5.725676,0,5.725676,0,0,5.725676,0,0,0,9.546539,0,0,0,-0.3499192,1.476614,0,0,0,-0.2335935,0.441469,9.656097,0,4,0,0.00001677144,0.000001540395,100,-0.000002080842,-0.000008138021,0.000002689173,0.0001242296,-1.103094e-7,0.00009600838,-3.63423e-7,-0.000001421321,4.69669e-7,0.00001326419,2.652101e-12,0.00001026365,velocity,Success,6,1,0.02178089,0.0004973639,0.00006488101,1.05766e-8
5.725676,0,5.725676,0,0,5.725676,0,0,0,9.546539,0,0,0,-0.3499192,1.476614,0,0,0,-0.2335935,0.441469,9.656097,0,0,1,1.747539e-12,1.205831e-13,100,1.627335e-13,6.50934e-13,1.627335e-13,-1.302468e-11,-1.389028e-14,8.83393e-12,0,0,0,0,0,0,velocity,Incomplete,6,,,,,
5.725676,0,5.725676,0,0,5.725676,0,0,0,9.546539,0,0,0,-0.3499192,1.476614,0,0,0,-0.2335935,0.441469,9.656097,0,0,0,0,0,100,0,0,0,0,0,0,0,0,0,0,0,0,position,Incomplete,6,,,,,
5.725676,0,5.725676,0,0,5.725676,0,0,0,9.546539,0,0,0,-0.3499198,1.476614,0,0,0,-0.2335935,0.4414697,9.656097,0,0,0,6.08803e-9,0.000001547192,100,0.000002141855,0.000008138021,-0.000002768021,-4.509421e-8,3.671974e-11,-3.485242e-8,0,0,0,0,0,0,velocity,Incomplete,6,,,,,
5.725676,0,5.725676,0,0,5.725676,0,0,0,9.546539,0,0,0,-0.3499198,1.476614,0,0,0,-0.2335935,0.4414697,9.656097,0,0,0,0,0,100,0,0,0,0,0,0,0,0,0,0,0,0,position,Incomplete,6,,,,,
5.725676,0,5.725676,0,0,5.725676,0,0,0,9.546539,0,0,0,-0.3499205,1.476615,0,0,0,-0.2335935,0.4414705,9.656097,0,0,0,6.08803e-9,0.000001547192,100,0.000002141855,0.000008138021,-0.000002768021,-4.509421e-8,3.671219e-11,-3.485242e-8,0,0,0,0,0,0,velocity,Incomplete,6,,,,,
5.725676,0,5.725676,0,0,5.725676,0,0,0,9.546539,0,0,0,-0.3499205,1.476615,0,0,0,-0.2335935,0.4414705,9.656097,0,0,0,0,0,100,0,0,0,0,0,0,0,0,0,0,0,0,position,Incomplete,6,,,,,
5.725676,0,5.725676,0,0,5.725676,0,0,0,9.546539,0,0,0,-0.349921,1.476615,0,0,0,-0.2335935,0.4414713,9.656097,0,0,0,0.000006796695,0.000001547192,100,0.000002141855,0.000008138021,-0.000002768021,-0.00005034458,4.470348e-8,-0.00003890776,0,0,0,0,0,0,velocity,Incomplete,6,,,,,
5.725676,0,5.725676,0,0,5.725676,0,0,0,9.546539,0,0,0,-0.349921,1.476615,0,0,0,-0.2335935,0.4414713,9.656097,0,0,0,0,0,100,0,0,0,0,0,0,0,0,0,0,0,0,position,Incomplete,6,,,,,
5.725676,0,5.725676,0,0,5.725676,0,0,0,9.546539,0,0,0,-0.3499216,1.476615,0,0,0,-0.2335935,0.4414721,9.656097,0,4,0,0.00001624139,0.000001547192,100,0.000002141855,0.000008138021,-0.000002768021,-0.0001203034,1.068265e-7,-0.00009297401,3.740789e-7,0.000001421321,-4.834401e-7,-0.00001284498,-2.287059e-12,-0.000009939266,velocity,Success,6,1,0.02258648,0.0004973576,0.00006487372,6.93683e-9
5.725676,0,5.725676,0,0,5.725676,0,0,0,9.546539,0,0,0,-0.3499216,1.476615,0,0,0,-0.2335935,0.4414721,9.656097,0,0,1,1.887281e-12,1.271058e-13,100,0,-6.50934e-13,3.25467e-13,-1.718352e-11,1.179755e-13,-4.061186e-12,0,0,0,0,0,0,velocity,Incomplete,6,,,,,
5.725676,0,5.725676,0,0,5.725676,0,0,0,9.546539,0,0,0,-0.3499216,1.476615,0,0,0,-0.2335935,0.4414721,9.656097,0,0,0,0,0,100,0,0,0,0,0,0,0,0,0,0,0,0,position,Incomplete,6,,,,,
5.725676,0,5.725676,0,0,5.725676,0,0,0,9.546539,0,0,0,-0.3499209,1.476615,0,0,0,-0.2335935,0.4414711,9.656097,0,0,0,7.791161e-9,0.000001539386,100,-0.000002071654,-0.000008138021,0.000002677299,5.77098e-8,-4.890577e-11,4.460185e-8,0,0,0,0,0,0,velocity,Incomplete,6,,,,,
5.725676,0,5.725676,0,0,5.725676,0,0,0,9.546539,0,0,0,-0.3499209,1.476615,0,0,0,-0.2335935,0.4414711,9.656097,0,0,0,0,0,100,0,0,0,0,0,0,0,0,0,0,0,0,position,Incomplete,6,,,,,
5.725676,0,5.725676,0,0,5.725676,0,0,0,9.546539,0,0,0,-0.3499201,1.476615,0,0,0,-0.2335935,0.4414701,9.656097,0,0,0,0.000005384869,0.000001539386,100,-0.000002071654,-0.000008138021,0.000002677299,0.00003988687,-3.541709e-8,0.00003082575,0,0,0,0,0,0,velocity,Incomplete,6,,,,,
5.725676,0,5.725676,0,0,5.725676,0,0,0,9.546539,0,0,0,-0.3499201,1.476615,0,0,0,-0.2335935,0.4414701,9.656097,0,0,0,0,0,100,0,0,0,0,0,0,0,0,0,0,0,0,position,Incomplete,6,,,,,
5.725676,0,5.725676,0,0,5.725676,0,0,0,9.546539,0,0,0,-0.3499193,1.476614,0,0,0,-0.2335935,0.4414691,9.656097,0,4,0,0.0000155386,0.000001539386,100,-0.000002071654,-0.000008138021,0.000002677299,0.0001150977,-1.022054e-7,0.0000889509,-3.618182e-7,-0.000001421321,4.675952e-7,0.00001228917,1.823874e-12,0.000009509179,velocity,Success,6,1,0.02348366,0.0004972888,0.0000648639,1.404189e-8
5.725676,0,5.725676,0,0,5.725676,0,0,0,9.546539,0,0,0,-0.3499193,1.476614,0,0,0,-0.2335935,0.4414691,9.656097,0,0,1,2.285488e-12,6.355288e-14,100,-3.25467e-13,0,1.627335e-13,-1.760274e-11,8.969764e-13,1.349597e-11,0,0,0,0,0,0,velocity,Incomplete,6,,,,,
5.725676,0,5.725676,0,0,5.725676,0,0,0,9.546539,0,0,0,-0.3499193,1.476614,0,0,0,-0.2335935,0.4414691,9.656097,0,0,0,0,0,100,0,0,0,0,0,0,0,0,0,0,0,0,position,Incomplete,6,,,,,
5.725676,0,5.725676,0,0,5.725676,0,0,0,9.546539,0,0,0,-0.3499199,1.476615,0,0,0,-0.2335935,0.4414698,9.656097,0,0,0,5.487693e-9,0.000001529696,100,0.000001981566,0.000008138021,-0.000002560874,-4.064801e-8,3.387002e-11,-3.141501e-8,0,0,0,0,0,0,velocity,Incomplete,6,,,,,
5.725676,0,5.725676,0,0,5.725676,0,0,0,9.546539,0,0,0,-0.3499199,1.476615,0,0,0,-0.2335935,0.4414698,9.656097,0,0,0,0,0,100,0,0,0,0,0,0,0,0,0,0,0,0,position,Incomplete,6,,,,,
5.725676,0,5.725676,0,0,5.725676,0,0,0,9.546539,0,0,0,-0.3499204,1.476615,0,0,0,-0.2335935,0.4414705,9.656097,0,0,0,5.487694e-9,0.000001529696,100,0.000001981566,0.000008138021,-0.000002560874,-4.064801e-8,3.386436e-11,-3.141501e-8,0,0,0,0,0,0,velocity,Incomplete,6,,,,,
5.725676,0,5.725676,0,0,5.725676,0,0,0,9.546539,0,0,0,-0.3499204,1.476615,0,0,0,-0.2335935,0.4414705,9.656097,0,0,0,0,0,100,0,0,0,0,0,0,0,0,0,0,0,0,position,Incomplete,6,,,,,
5.725676,0,5.725676,0,0,5.725676,0,0,0,9.546539,0,0,0,-0.349921,1.476615,0,0,0,-0.2335935,0.4414712,9.656097,0,0,0,0.000006035868,0.000001529696,100,0.000001981566,0.000008138021,-0.000002560874,-0.00004470898,3.970126e-8,-0.00003455238,0,0,0,0,0,0,velocity,Incomplete,6,,,,,
5.725676,0,5.725676,0,0,5.725676,0,0,0,9.546539,0,0,0,-0.349921,1.476615,0,0,0,-0.2335935,0.4414712,9.656097,0,0,0,0,0,100,0,0,0,0,0,0,0,0,0,0,0,0,position,Incomplete,6,,,,,
5.725676,0,5.725676,0,0,5.725676,0,0,0,9.546539,0,0,0,-0.3499215,1.476615,0,0,0,-0.2335935,0.4414719,9.656097,0,4,0,0.00001449617,0.000001529696,100,0.000001981566,0.000008138021,-0.000002560874,-0.0001073763,9.535279e-8,-0.00008298348,3.460842e-7,0.000001421321,-4.472615e-7,-0.00001146474,-1.30429e-12,-0.00000887124,velocity,Success,6,1,0.0250042,0.0004973368,0.00006484723,7.117583e-9
5.725676,0,5.725676,0,0,5.725676,0,0,0,9.546539,0,0,0,-0.3499215,1.476615,0,0,0,-0.2335935,0.4414719,9.656097,0,0,1,5.383304e-13,4.019437e-14,100,1.627335e-13,0,-1.627335e-13,-5.411815e-15,-2.246622e-13,4.263894e-12,0,0,0,0,0,0,velocity,Incomplete,6,,,,,
5.725676,0,5.725676,0,0,5.725676,0,0,0,9.546539,0,0,0,-0.3499215,1.476615,0,0,0,-0.2335935,0.4414719,9.656097,0,0,0,0,0,100,0,0,0,0,0,0,0,0,0,0,0,0,position,Incomplete,6,,,,,
